{"Flesch": 56.50009354613218, "A_Polarity": 0.03782383956792719, "A_Subjectivity": 0.39977561408227674, "S_Polarity": 0.026285400149718283, "S_Subjectivity": 0.29415366264815435, "Word_Count": 2165.8056872037914, "Characters": 4.699497811260604, "Spache_Percentage": 0.5765209089850633, "Weasel_Percentage": 0.04782024419721703, "Dale_Chall_Percentage": 0.6288245709581558, "Dale_Chall": 10.340705663848063}